Rank,Model,TOPSIS Score
6,BERT,0.5056055431515081
8,GPT-3,0.4561884172383806
9,Transformer-XL,0.44905329558640095
5,XLNet,0.5230914883491269
3,RoBERTa,0.5397178030361001
2,DistilBERT,0.5498070004513191
7,GPT-2,0.47320928110303095
10,BERTweet,0.3779254738117129
1,Albert,0.5695780651323031
4,T5,0.5243494362887154
